language_long	mca_comma
global	0.3080082834771621
Lingala	0.03247653372410789
Brahui language	0.014440277598172334
Manx	0.034717006895610025
Faroese	0.0522495666121219
Uyghur	1.4597544338335606
formal Spanish	0.19444444444444445
Uzbek	0.5599336750075369
Kazakh	2.3792884874415656
Palatinate German	0.18637390440046986
informal Dutch	0.5
Western Punjabi	2.250915271966527
Luganda	0.018547587574355585
Urdu	2.2444888752178818
Kichwa	0.016033863519753718
Arabic	1.190661426788812
Saraiki in Arabic script	2.6666666666666665
Kadazandusun	0.0168481610848572
Somali	0.045520315982949436
Afrikaans	0.22788041588675992
Afar	0.021141159677481577
Yoruba	0.13913018548780137
Dhivehi	0.8466819221967964
Silesian	0.03784275321768327
Telugu	2.0808184143222506
Norwegian	0.0979381443298969
Low German	0.19392630612585546
Simple English	0.09278951201747997
Avaric	1.6782608695652175
English	0.16050903929436466
Kildin Sami	0.4233128834355828
Maltese	0.21219742219427853
Kyrgyz	3.5686920083807245
Hiri Motu	0.02041530564629025
Tunisian Arabic	0.11042944785276074
Bengali	1.2509576320371445
Turoyo	0.013931421177485442
Russian	1.547978463461757
Eastern Canadian (Aboriginal syllabics)	0.054009819967266774
Ladin	0.5364238410596026
Romani	0.020896224565805466
Hill Mari	1.5900621118012421
Southern Balochi	0.08465608465608465
Bambara	0.12176732557231033
Swazi	0.022609227008860373
Azerbaijani	0.6165194300293316
West Flemish	0.1211268025265165
Guianan Creole	0.8888888888888888
Malagasy	0.14297844595567888
Crimean Tatar	1.3207171314741035
Meitei	1.8333333333333333
Amharic	1.258879781420765
Czech	0.49417176946610974
Goan Konkani in Latin script	0.10933333333333334
Uyghur Latin alphabet	0.01837622474285482
Hebrew	1.5598883469739147
Kwanyama	0.018259675204007432
Swedish	0.30789059480054076
Lombard	0.1732122402225495
Finnish	0.2842903363851581
Russia Buriat	1.1700819672131149
Macedonian	1.3278707181062934
Tongan	0.04076987581360061
Modern Greek	2.123569686185319
N'Ko	2.3916349809885933
Zamboanga Chavacano	0.02394683573310927
Northern Thai	0.11176470588235295
Khmer	1.2635933806146573
Catalan	0.24629180631819153
Crimean Tatar Latin alphabet	0.0397868833608034
Sardinian	0.11081956230460027
Santali	0.05592868482110148
Aymara	0.06022648654553399
Sicilian	0.12499538884913051
Fiji Hindi	0.048739620955430614
Kashmiri	0.7892976588628763
Ilocano	0.04641782444458672
Swiss Standard German	0.19358829736909136
Sakha	3.7720588235294117
Uzbek Cyrillic alphabet	0.0
Kannada	1.5916898792943361
Meänkieli	0.057722364308042055
Mingrelian	0.8409182440596054
Odia	1.3143013698630137
Welsh	0.1431873694729923
Laz	0.013885295385942216
Bokmål	0.26557669950437496
Māori	0.03114342366159947
Kongo	0.10968566559363757
Old Prussian	0.12471822670674108
Central Bikol	0.044410799899066364
Ripuarian	0.04393462800875274
Saterland Frisian	0.039372673058548316
Saraiki	4.458333333333333
Gheg Albanian	0.015183556081881239
Plautdietsch	0.02097762120180952
Sindhi	2.3448275862068964
Atikamekw	0.07197943444730077
Romanian	0.346274721853545
Ossetian	3.3437139561707037
Ottoman Turkish	0.3694581280788177
Armenian	1.2315201801329405
Interlingue	0.1099819229973649
German	0.23586148013322308
Dinka	0.24047619047619048
Chamorro	0.020435861641073368
Ido	0.13728819493068198
Inupiat	0.01990281827016521
formal address in German	0.5454545454545454
Aragonese	0.19795588729816593
Newar	1.533271719038817
Udmurt	1.3383947939262473
Balinese	0.3208137715179969
Serbian written in Latin script	0.19953567937438904
Nauruan Wikiquote	0.019802770790913082
Venda	0.019543452142571086
Kurdish	0.11370784873089021
Goan Konkani in Devanagari script	0.45077720207253885
Mizo	0.014076019112392923
Batak Toba in Latin script	0.08764665286404417
Cape Verdean Creole	0.05070422535211268
Breton	0.20532315495555498
West Frisian	0.13845000576634758
Slovene	0.17261051630486013
Tunisian Arabic in Latin script	0.08770718232044199
Adyghe in Cyrillic script	0.033112582781456956
Kabardian	0.8271954674220963
Tarantino	0.021593032966158984
Hausa	0.05313153061870686
Tashelhit	0.0594855305466238
Scottish Gaelic	0.14146306461450148
Eastern Pwo	1.0
Latin American Spanish	0.6025641025641025
Ndonga	0.01829911547512781
Capiznon	0.09763313609467456
Latin	0.7424228756990799
Bislama Wiktionary	0.022900763358778626
Sango	0.018284561049445005
Piedmontese	0.1517539781870195
Tachelhit in Latin script	0.018020583329943458
traditional Gan	0.41534391534391535
Dutch Low Saxon	0.17548520902491854
Nynorsk	0.15093901421981062
Southern Sami	0.025398037858353425
Megleno-Romanian in Latin script	0.017813567593948268
Kazakh Arabic alphabets	2.5720470006184293
kven	0.0
Sranan Tongo	0.043976348854397634
Chinese (Hong Kong)	1.3538788250946678
Greenlandic	0.036402774455871804
Latvian	0.34206733634580583
Pashto	2.1915584415584415
Megleno-Romanian	0.04574132492113565
Uyghur Arabic alphabet	0.45147679324894513
Slovak	0.18662447534102833
Gilaki	0.8982558139534884
Assamese	0.5552820053715309
Mongolian	1.191301703163017
Gikuyu	0.020522388059701493
Kazakh in Latin script	0.13450118764845606
Kashubian	0.03317605973919827
Cree Wikiquote	0.01983212961155573
Tulu	1.3455210237659962
Cornish	0.03270389714744878
Gan	0.7331378299120235
Pontic Greek	0.12235817575083426
Finnish Kalo	0.0829103214890017
Rinconada Bikol	0.05373134328358209
Western Balochi	0.033112582781456956
Karakalpak	0.0285204991087344
Lezgian	1.4729458917835672
Kirmanjki	0.08465608465608465
Niuean	0.08923076923076922
Moksha	0.7890909090909091
Ingush	1.073394495412844
Mapudungun	0.01780086875053232
Karachay-Balkar	0.9708333333333333
Acehnese	0.0316690062442519
Norman	0.11195675042764752
Singaporean Mandarin	1.3850931677018634
Shona	0.021804802478698683
Adyghe	0.7354497354497355
Doteli	0.9079861111111112
Persian	1.0455708991290917
Hiligaynon	0.06548933038999265
Kanuri	0.018974566007266856
Laki	0.05224787363304982
Kinaray-a	0.014384793218597482
Shan	0.4604651162790698
Tagalog	0.12355320910326299
Icelandic	0.16773856327977638
Corsican	0.14228267762598382
simplified Gan	0.4067357512953368
Sanskrit	1.7645021645021646
Tajik	0.8192592278499798
Esperanto	0.33666238448468777
Meadow Mari	0.7717391304347826
Kazakh in Kazakhstan	1.624823695345557
Emilian-Romagnol	0.041545957334737954
Polish	0.4940924901792964
Dagbani	0.10687022900763359
Marathi	1.5117284388066048
Korean	1.354280510018215
Crimean Tatar Cyrillic alphabet	0.10869565217391304
Papiamento	0.13115202333211812
Kazakh in China	2.3797979797979796
Pitkern	0.020622243413994518
Kashmiri in Devanagari script	0.11797752808988764
Canadian English	0.3756108860602157
Kotava	0.5331588132635253
Chinese in Macau	1.0422014780241151
Malay	0.16454572358686
Basque	0.25671237954040027
Aramaic	0.9006410256410257
Ewe	0.12552630781813226
Javanese	0.056659789087574505
Judaeo-Spanish	0.034955277280858676
Portuguese	0.3588770804323682
Cheyenne	0.020636152055857254
Tswana	0.02169974636660091
Venetian	0.1360689881974641
Wu Chinese	1.3622412194870739
Banjar	0.026238836639532127
Irish	0.03190910793755369
Malayalam	1.480465230567614
South Azerbaijani	1.1429203148492084
Waray	0.057233918391165775
Old Church Slavonic	0.02366724697689738
Egyptian Arabic	0.7588820713287232
Quechua	0.1811102819506181
Mirandese	0.06155657852478321
Tumbuka	0.019828661062623175
Madurese	0.019867549668874173
Volapük	0.11082973603813884
Upper Sorbian	0.17567452669765332
Sirionó	0.09533468559837728
Fula	0.02266906227302267
Bulgarian	2.452932207918769
Serbian written in Cyrillic	1.2320472586302382
Croatian	0.26195019130295794
Northern Sami	0.04073332369882528
Krio	0.08011049723756906
Nahuatl	0.043374027219415044
Occitan	0.14142790014334913
Kinyarwanda	0.02140942014486374
Kumyk	0.0
Hungarian	0.8283560327317634
Erzya	0.5466408893185114
Algerian Arabic	1.0971922246220303
Swiss German	0.25384615384615383
Chewa	0.021919574502377307
Bishnupriya Manipuri	0.8766233766233766
Tigrinya	1.2121212121212122
Chechen	1.6790123456790123
Hakka	0.06661627787130243
Central Atlas Tamazight	0.75
Ligurian	0.11952821378001385
Lower Sorbian	0.1733573780774659
Twi	0.021358375191089757
Skolt Sami	0.16736990154711673
Tatar in Cyrillic script	0.6482164821648216
Tachelhit in Tifinagh script	0.0903954802259887
Pangasinan	0.024041327240214582
Zhuang	0.022495052703848793
Extremaduran	0.05283452051568847
Tatar in Latin script	0.01857874623953167
Xhosa	0.024737216470402276
Southern Luri	0.017297006632012904
Seri	0.01753642832937987
Tamil	1.69223932452632
Permyak	1.9676258992805755
Muscogee	0.01959303711946586
Bashkir language	6.603685987619584
Mandailing	0.0
Wolof	0.10949181056073795
Kabyle	0.1267785998861696
Lao	0.06118961854622702
Lak	0.44493392070484583
Nuosu	0.11797752808988764
Old English	0.05433403805496829
Zulu	0.1089625680432489
Southern Min	1.304589543411403
Koyraboro Senni	0.030303030303030304
Dutch	0.32202431914868257
Haitian Creole	0.08991592277351049
Siberian Tatar	0.5
Komi	3.4375
Marshallese	0.017749911691981632
Tsonga	0.018940920448134117
Austrian German	0.11396528665037844
Northern Luri	0.9686684073107049
Sundanese	0.03236727888299159
Latgalian	0.023562219617669643
Kirundi	0.018811681772406847
Moroccan Arabic	1.5095868748764578
Asturian	0.16992717811990343
Kurdish Arabic alphabet	0.9049145299145299
Tibetan	1.6649431230610134
North Frisian	0.1820204449789537
Talysh	0.08791208791208792
Zeelandic	0.05245407812448839
Lingua Franca Nova	0.03806702344546381
Gothic	0.02132005617260309
Thai	2.7442925831976677
Classical Chinese	0.673128735181738
Eastern Canadian in Latin script	0.019852768423525725
formal Hungarian	0.0
Abkhaz	0.9352331606217616
Bavarian	0.14931903903680718
Igbo	0.031366333714201465
Shawiya in Latin script	0.8888888888888888
Tatar	0.4836789428926539
Atayal	0.0
Bakhtiari	0.12105263157894737
Awadhi	0.5992779783393501
Herero	0.019911935471301094
Silesian German	0.015492359932088286
Cherokee	0.0177489363530878
Alemannic	0.2129787523407995
Sorani	1.651190476190476
Khowar	0.12849162011173185
Romagnol	0.17044807830936753
Oromo	0.020380049430736194
Rusyn	0.9445876288659794
Franco-Provençal	0.11056118999323868
Vietnamese	0.4212998671947945
Turkmen	0.05876046348604181
Limburgish	0.14346647767912804
Navajo	0.02333830464750695
Tok Pisin	0.021395277756552304
Sinhala	2.2455731593662627
Võro	0.7532808398950132
Ume Sami	0.12033898305084746
Bhojpuri	1.118572927597062
Noongar	0.08871989860583017
Mazanderani	1.730438344940598
Maithili	1.102789645639608
Gujarati	1.2644050885507607
Karelian	0.05357142857142857
Uzbek Latin alphabet	1.0
Samoan	0.021286869743672287
Jamaican Creole	0.1244591400488227
Kalmyk Oirat	1.1472868217054264
Yiddish	1.4876627827278959
Megleno-Romanian in Cyrillic script	0.08465608465608465
Serbian	1.2740756263388284
Albanian	0.1260228352247466
Main-Franconian	0.1283488398161641
Danish	0.29168696763803226
Votic	0.017994124367553453
Hindi	1.5190398577567048
Standard Moroccan Berber	0.5
Angika	0.0989010989010989
Taraškievica	1.4577722655327192
Italian	0.3232744773195422
Kapampangan	0.033952496954933006
Guarani	0.028585566382460414
Swahili	0.14559268160322505
Friulian	0.11359234362538453
Tajik in Latin script	0.04673270490493689
Fijian	0.02177816834142055
Lule Sami	0.03857442348008386
Western Armenian	1.493932584269663
Mon language spelling	1.8181818181818181
Turkish	0.2932128138586216
Galician	0.24018278912318042
Sesotho	0.02200479233226837
Tahitian	0.05151064045742126
Aromanian	0.026657060518731988
Lozi	0.01411420456990404
Fiji Hindi in Latin script	0.01963003434280362
Picard	0.12104588831291235
Tuvan	1.723809523809524
Putonghua	1.665711522619005
Choctaw	0.019951773490976977
Luxembourgish	0.18625520450649033
Taiwanese Mandarin	1.463646967340591
Sassarese	0.014741910957168201
Southern Kurdish	0.033112582781456956
Chinese	1.0482011267652334
Eastern Punjabi	1.106886517943744
Livvi-Karelian	0.1791363830696879
Tunisian Arabic in Arabic script	2.257453666398066
Nepali	1.3317445185891326
Belarusian	2.588806787082649
Ancient Greek	1.581573896353167
Kashmiri in Arabic script	0.11864406779661017
Hawaiian	0.029706866024001573
Inari Sami	0.21338383838383837
Bosnian	0.22845626998846327
Toba Batak	0.06315789473684211
Brazilian Portuguese	0.3320521524187512
Neapolitan	0.11167272754995464
Akan Wiktionary	0.026516007532956687
Malaysian Mandarin	0.9725762842796446
Georgian	1.9313543599257885
Tajik in Cyrillic script	0.49480968858131485
Scots	0.2960618462937699
Gorontalo	0.05402333686922261
Indonesian	0.22002205012549805
Estonian	0.2750669296583257
Min Dong	0.057944067089135964
Ambonese	0.0
North Korean standard language	0.1134020618556701
Kurdish in Latin script	0.036771042803792016
Goan Konkani	0.951304347826087
Japanese	1.621270380829903
Pennsylvania German	0.03712281846354591
Serbo-Croatian	0.46195872116552006
Lojban	0.029634179110206903
Veps	0.1718234403509453
Walloon	0.1434136488241235
Samogitian	0.05768022616616931
French	0.2478917302960524
Kazakh in Turkey	0.08814491347242438
Simplified Chinese	1.5349764039108542
Sakizaya	0.3130016051364366
Nias	0.0
Louisiana French	0.1672571082435434
British English	0.3489909621152368
Banyumasan	0.025618654822335024
Lithuanian	0.2813657134393531
Traditional Chinese	0.8860424044303028
Interlingua	0.11492790120358835
Spanish	0.18723998766310462
Novial	0.02837961550198352
Minangkabau	0.08454568657478305
Tetum	0.03586748565099184
Dzongkha	0.3604060913705584
Burmese	0.24235343208846233
Kabiye	0.4343283582089552
Zazaki	0.06707613719289711
Hunsrik	0.08728763913298183
Jutlandic	0.0845771144278607
Inuktitut	0.017669059799664676
Riffian	0.014340139548820683
Romansh	0.09629440140330361
Buginese	0.029811240557197784
Moldovan	0.02807239247190504
Ukrainian	3.3733549116003543
Livonian	0.08908973531310523
Emilian	0.0722256664600124
Pite Sami	0.03442089920394663
Kabardian in Cyrillic script	0.0903954802259887
Marwari (India)	0.04938271604938271
Northern Sotho	0.02012421358283594
Pali	0.1493989696622782
Cebuano	0.1119484937878168
Kazakh in Cyrillic script	2.3531448355452973
Gagauz	0.024410839026636984
Chuvash	7.194829424307036
Cantonese	1.2249804704452738
